<?xml version="1.0"?>
<!--<!DOCTYPE metadata SYSTEM "http://www.esri.com/metadata/esriprof80.dtd">-->
<metadata xml:lang="en"><Esri><CreaDate>20120711</CreaDate><CreaTime>11445900</CreaTime><SyncOnce>FALSE</SyncOnce><SyncDate>20120730</SyncDate><SyncTime>11134200</SyncTime><ModDate>20120730</ModDate><ModTime>11134200</ModTime><ArcGISFormat>1.0</ArcGISFormat><DataProperties><itemProps><itemName Sync="TRUE">US_Mex_Boundary</itemName><imsContentType Sync="TRUE">002</imsContentType><nativeExtBox><westBL Sync="TRUE">-117.464603</westBL><eastBL Sync="TRUE">-96.924269</eastBL><southBL Sync="TRUE">25.837053</southBL><northBL Sync="TRUE">32.718749</northBL><exTypeCode Sync="TRUE">1</exTypeCode></nativeExtBox><itemSize Sync="TRUE">0.606</itemSize><itemLocation><linkage Sync="TRUE">file://\\NAHOON\DATA4\GROUPS\EMD\GIS\geospatial_data\vector_data\boundary\US_Mex_Boundary.shp</linkage><protocol Sync="TRUE">Local Area Network</protocol></itemLocation></itemProps><coordRef><type Sync="TRUE">Geographic</type><geogcsn Sync="TRUE">GCS_North_American_1983</geogcsn><peXml Sync="TRUE">&lt;GeographicCoordinateSystem xsi:type='typens:GeographicCoordinateSystem' xmlns:xsi='http://www.w3.org/2001/XMLSchema-instance' xmlns:xs='http://www.w3.org/2001/XMLSchema' xmlns:typens='http://www.esri.com/schemas/ArcGIS/10.0'&gt;&lt;WKT&gt;GEOGCS[&amp;quot;GCS_North_American_1983&amp;quot;,DATUM[&amp;quot;D_North_American_1983&amp;quot;,SPHEROID[&amp;quot;GRS_1980&amp;quot;,6378137.0,298.257222101]],PRIMEM[&amp;quot;Greenwich&amp;quot;,0.0],UNIT[&amp;quot;Degree&amp;quot;,0.0174532925199433],AUTHORITY[&amp;quot;EPSG&amp;quot;,4269]]&lt;/WKT&gt;&lt;XOrigin&gt;-400&lt;/XOrigin&gt;&lt;YOrigin&gt;-400&lt;/YOrigin&gt;&lt;XYScale&gt;11258999068426.238&lt;/XYScale&gt;&lt;ZOrigin&gt;-100000&lt;/ZOrigin&gt;&lt;ZScale&gt;10000&lt;/ZScale&gt;&lt;MOrigin&gt;-100000&lt;/MOrigin&gt;&lt;MScale&gt;10000&lt;/MScale&gt;&lt;XYTolerance&gt;8.9831528411952133e-009&lt;/XYTolerance&gt;&lt;ZTolerance&gt;0.001&lt;/ZTolerance&gt;&lt;MTolerance&gt;0.001&lt;/MTolerance&gt;&lt;HighPrecision&gt;true&lt;/HighPrecision&gt;&lt;LeftLongitude&gt;-180&lt;/LeftLongitude&gt;&lt;WKID&gt;4269&lt;/WKID&gt;&lt;/GeographicCoordinateSystem&gt;</peXml></coordRef><copyHistory><copy source="Z:\GIS\Boundary Mapping 2012 map reviews\US_Mex_Boundary" dest="\\NAHOON\DATA4\GROUPS\EMD\GIS\geospatial_data\vector_data\boundary\US_Mex_Boundary" date="20120711" time="11445900"></copy></copyHistory></DataProperties><ArcGISstyle>North American Profile of ISO19115 2003</ArcGISstyle></Esri><idinfo><natvform Sync="TRUE">Shapefile</natvform><descript><abstract>This provisional international boundary was developed by the International Boundary and Water Commission-United States and Mexico (IBWC), to be used as a common boundary for the clipping and geometric integration of binational geospatial data sets and represents the international boundary as agreed upon by the Governments of the United States and Mexico in accordance with the 1970 Boundary Treaty. It provides an electronic, spatially referenced representation of the international boundary that may be used for the purposes of displaying the boundary and to integrate binational datsets tied into the boundary line.</abstract><purpose>This dataset was created to provide resource managers, public officials, researchers, and the general public with ready access to the location of the international boundary for use to develop binational datasets that depict various land use/land cover datasets including resource utilization, environmental quality, and human health.</purpose><langdata Sync="TRUE">en</langdata><supplinf>Additional information about the IBWC can be found at http://www.ibwc.gov and datasets are available for viewing through Internet mapping Service (follow the links on the main IBWC page to the Internet Mapping Service Viewer).</supplinf></descript><accconst>None</accconst><useconst>Accuracy of the data is not guaranteed. Users should be aware that temporal changes might have occurred since these data were collected and that some parts of the data might no longer represent actual surface conditions. Users should not use these data for critical applications without a full awareness of their limitations. Acknowledgment of the originating agencies would be appreciated in products derived from these data. Any user who modifies the data is obligated to describe the modifications made. User specifically agrees not to misrepresent the data, nor to imply that changes made were approved or endorsed by the IBWC. Please refer to &lt;http://www.ibwc.gov/&gt; for the U.S. IBWC general disclaimer.</useconst><citation><citeinfo><title Sync="TRUE">Provisional_2010_US_Mexico_International_Boundary</title><origin>International Boundary and Water Commission, United States and Mexico</origin><pubdate>2011</pubdate><geoform Sync="TRUE">vector digital data</geoform><onlink>http://www.ibwc.gov</onlink><ftname Sync="TRUE">Provisional_2010_US_Mexico_International_Boundary</ftname></citeinfo></citation><ptcontac><cntinfo><cntpos>GIS Manager</cntpos><cntvoice>915-832-4702</cntvoice><cntfax>915-832-4167</cntfax><cntemail>Gilbert.Anaya@ibwc.gov</cntemail><cntaddr><addrtype>mailing and physical address</addrtype><address>4171 North Mesa, C-100</address><city>El Paso</city><state>Texas</state><postal>79902</postal><country>USA</country></cntaddr><hours>08:00-16:30</hours><cntperp><cntper>Gilbert Anaya</cntper><cntorg>International Boundary and Water Commission</cntorg></cntperp></cntinfo></ptcontac><timeperd><current>ground condition</current><timeinfo><sngdate><caldate>2009</caldate></sngdate></timeinfo></timeperd><status><progress>In work</progress><update>None planned</update></status><keywords><theme><themekey>Library of Congress</themekey><themekey>International Boundary</themekey><themekey>IBWC Minute No.</themekey><themekey>1970 Boundary Treaty</themekey></theme><place><placekey>US Mexico border region</placekey><placekey>United States of America</placekey><placekey>Mexico</placekey><placekey>Colorado River</placekey><placekey>Rio Grande River</placekey><placekey>Rio Colorado</placekey><placekey>Rio Bravo</placekey></place></keywords><datacred>Credit for the completion of the international boundary line should be given to the International Boundary and Water Commission, United States and Mexico. Cooperating agencies include the National Institute of Geography and Statistics, Mexico, and the U.S. Geological Survey.</datacred><native Sync="TRUE">Microsoft Windows XP Version 5.1 (Build 2600) Service Pack 3; ESRI ArcCatalog 9.3.1.3000</native><spdom><lboundng><leftbc Sync="TRUE">-117.122670</leftbc><rightbc Sync="TRUE">-96.924269</rightbc><bottombc Sync="TRUE">25.837053</bottombc><topbc Sync="TRUE">32.718749</topbc></lboundng><bounding><westbc Sync="TRUE">-117.122670</westbc><eastbc Sync="TRUE">-96.924269</eastbc><northbc Sync="TRUE">32.718749</northbc><southbc Sync="TRUE">25.837053</southbc></bounding></spdom></idinfo><distinfo><stdorder><digform><digtinfo><transize Sync="TRUE">0.648</transize><dssize Sync="TRUE">0.648</dssize></digtinfo></digform></stdorder><distrib><cntinfo><cntperp><cntper>Gilbert Anaya</cntper><cntorg>U.S. International Boundary and Water Commission</cntorg></cntperp><cntpos>GIS Manager</cntpos><cntaddr><addrtype>mailing and physical address</addrtype><city>El Paso</city><state>Texas</state><country>USA</country><postal>79902</postal></cntaddr><cntvoice>915-832-4702</cntvoice><cntfax>915-832-4167</cntfax><cntemail>Gilbert.Anaya@ibwc.gov</cntemail></cntinfo></distrib><distliab>The data are released on the condition that neither the USIBWC, its cooperators, nor the U. S. Government may be held liable for any damages resulting from its authorized or unauthorized use. Although these data have been processed successfully on a computer system at the IBWC, no warranty expressed or implied is made regarding the accuracy or utility of the data on any other system or for general or scientific purposes, nor shall the act of distribution constitute any such warranty.</distliab><resdesc Sync="TRUE">Downloadable Data</resdesc></distinfo><spref><horizsys><cordsysn><geogcsn Sync="TRUE">GCS_North_American_1983</geogcsn></cordsysn><geodetic><horizdn Sync="TRUE">North American Datum of 1983</horizdn><ellips Sync="TRUE">Geodetic Reference System 80</ellips><semiaxis Sync="TRUE">6378137.000000</semiaxis><denflat Sync="TRUE">298.257222</denflat></geodetic><geograph><geogunit Sync="TRUE">Decimal degrees</geogunit><latres Sync="TRUE">0.000000</latres><longres Sync="TRUE">0.000000</longres></geograph></horizsys></spref><metainfo><metd Sync="TRUE">20110210</metd><langmeta Sync="TRUE">en</langmeta><metstdn Sync="TRUE">FGDC Content Standards for Digital Geospatial Metadata</metstdn><metstdv Sync="TRUE">FGDC-STD-001-1998</metstdv><mettc Sync="TRUE">local time</mettc><metc><cntinfo><cntperp><cntper>Laurie Temple</cntper><cntorg>U.S. Geological Survey, National Geospaital Technical Operations Center</cntorg></cntperp><cntpos>Cartographer</cntpos><cntaddr><addrtype>mailing address</addrtype><address>P.O. Box 25046, MS 510, DFC</address><city>Denver</city><state>Colorado</state><postal>80225-0046</postal><country>US</country></cntaddr><cntvoice>303-202-4485</cntvoice><cntfax>303-202-4504</cntfax><cntemail>ldtemple@usgs.gov</cntemail></cntinfo></metc><metac>none</metac><metuc>none</metuc></metainfo><mdDateSt Sync="TRUE">20120730</mdDateSt><dataIdInfo><envirDesc Sync="TRUE">Microsoft Windows Server 2008 R2 Version 6.1 (Build 7601) Service Pack 1; ESRI ArcGIS 10.0.0.2414</envirDesc><dataLang><languageCode Sync="TRUE" value="eng" country="USA"></languageCode></dataLang><idCitation><resTitle Sync="TRUE">US_Mex_Boundary</resTitle><presForm><PresFormCd Sync="TRUE" value="005"></PresFormCd></presForm></idCitation><spatRpType><SpatRepTypCd Sync="TRUE" value="001"></SpatRepTypCd></spatRpType><dataExt><geoEle><GeoBndBox esriExtentType="search"><westBL Sync="TRUE">-117.464603</westBL><eastBL Sync="TRUE">-96.924269</eastBL><northBL Sync="TRUE">32.718749</northBL><southBL Sync="TRUE">25.837053</southBL><exTypeCode Sync="TRUE">1</exTypeCode></GeoBndBox></geoEle></dataExt><geoBox esriExtentType="decdegrees"><westBL Sync="TRUE">-117.12267</westBL><eastBL Sync="TRUE">-96.924269</eastBL><northBL Sync="TRUE">32.718749</northBL><southBL Sync="TRUE">25.837053</southBL><exTypeCode Sync="TRUE">1</exTypeCode></geoBox><descKeys><thesaName uuidref="723f6998-058e-11dc-8314-0800200c9a66"></thesaName><keyword Sync="TRUE">002</keyword></descKeys></dataIdInfo><mdLang><languageCode Sync="TRUE" value="eng"></languageCode></mdLang><mdStanName Sync="TRUE">ISO 19115 Geographic Information - Metadata</mdStanName><mdStanVer Sync="TRUE">DIS_ESRI1.0</mdStanVer><mdChar><CharSetCd Sync="TRUE" value="004"></CharSetCd></mdChar><mdHrLv><ScopeCd Sync="TRUE" value="005"></ScopeCd></mdHrLv><mdHrLvName Sync="TRUE">dataset</mdHrLvName><distInfo><distributor><distorFormat><formatName Sync="TRUE">Shapefile</formatName></distorFormat><distorTran><onLineSrc><orDesc Sync="TRUE">002</orDesc><linkage Sync="TRUE">file://\\IGSKBTHIWS040\D\US_Mex_Boundary_2010_FromAustin\US_MEX_BDY_2010_NAD83.shp\Provisional_2010_US_Mexico_International_Boundary.shp</linkage><protocol Sync="TRUE">Local Area Network</protocol></onLineSrc><transSize Sync="TRUE">0.625</transSize></distorTran></distributor><distFormat><formatName Sync="TRUE">Shapefile</formatName></distFormat><distTranOps><transSize Sync="TRUE">0.606</transSize></distTranOps></distInfo><spdoinfo><direct Sync="TRUE">Vector</direct><ptvctinf><esriterm Name="US_Mex_Boundary"><efeatyp Sync="TRUE">Simple</efeatyp><efeageom Sync="TRUE">3</efeageom><esritopo Sync="TRUE">FALSE</esritopo><efeacnt Sync="TRUE">1</efeacnt><spindex Sync="TRUE">FALSE</spindex><linrefer Sync="TRUE">FALSE</linrefer></esriterm></ptvctinf></spdoinfo><refSysInfo><RefSystem><refSysID><identCode Sync="TRUE" code="4269">GCS_North_American_1983</identCode><idCodeSpace Sync="TRUE">EPSG</idCodeSpace><idVersion Sync="TRUE">7.4.1</idVersion></refSysID></RefSystem></refSysInfo><spatRepInfo><VectSpatRep><topLvl><TopoLevCd Sync="TRUE" value="001"></TopoLevCd></topLvl><geometObjs Name="Provisional_2010_US_Mexico_International_Boundary"><geoObjTyp><GeoObjTypCd Sync="TRUE" value="002"></GeoObjTypCd><geoObjCnt Sync="TRUE">1</geoObjCnt></geoObjTyp><geoObjCnt Sync="TRUE">1</geoObjCnt></geometObjs></VectSpatRep></spatRepInfo><eainfo><detailed Name="US_Mex_Boundary"><enttyp><enttypt Sync="TRUE">Feature Class</enttypt><enttypc Sync="TRUE">1</enttypc><enttypl Sync="TRUE">US_Mex_Boundary</enttypl></enttyp><attr><attrlabl Sync="TRUE">FID</attrlabl><attalias Sync="TRUE">FID</attalias><attrtype Sync="TRUE">OID</attrtype><attwidth Sync="TRUE">4</attwidth><atprecis Sync="TRUE">0</atprecis><attscale Sync="TRUE">0</attscale><attrdef Sync="TRUE">Internal feature number.</attrdef><attrdefs Sync="TRUE">ESRI</attrdefs><attrdomv><udom Sync="TRUE">Sequential unique whole numbers that are automatically generated.</udom></attrdomv></attr><attr><attrlabl Sync="TRUE">Shape</attrlabl><attalias Sync="TRUE">Shape</attalias><attrtype Sync="TRUE">Geometry</attrtype><attwidth Sync="TRUE">0</attwidth><atprecis Sync="TRUE">0</atprecis><attscale Sync="TRUE">0</attscale><attrdef Sync="TRUE">Feature geometry.</attrdef><attrdefs Sync="TRUE">ESRI</attrdefs><attrdomv><udom Sync="TRUE">Coordinates defining the features.</udom></attrdomv></attr><attr><attrlabl Sync="TRUE">OBJECTID</attrlabl><attalias Sync="TRUE">OBJECTID</attalias><attrtype Sync="TRUE">Integer</attrtype><attwidth Sync="TRUE">9</attwidth><attrdef>Internal feature or event number</attrdef><attrdefs>ESRI</attrdefs><atprecis Sync="TRUE">9</atprecis><attscale Sync="TRUE">0</attscale></attr><attr><attrlabl Sync="TRUE">PERMANENT_</attrlabl><attalias Sync="TRUE">PERMANENT_</attalias><attrtype Sync="TRUE">String</attrtype><attwidth Sync="TRUE">40</attwidth><attrdef>Unique and persistent identifier of an entity</attrdef><attrdefs>USGS National Boundaries Dataset</attrdefs><atprecis Sync="TRUE">0</atprecis><attscale Sync="TRUE">0</attscale></attr><attr><attrlabl Sync="TRUE">SOURCE_FEA</attrlabl><attalias Sync="TRUE">SOURCE_FEA</attalias><attrtype Sync="TRUE">String</attrtype><attwidth Sync="TRUE">40</attwidth><attrdefs>USGS National Boundaries Dataset</attrdefs><attrdef>Internal ID number of the feature or event in the source dataset</attrdef><atprecis Sync="TRUE">0</atprecis><attscale Sync="TRUE">0</attscale></attr><attr><attrlabl Sync="TRUE">SOURCE_DAT</attrlabl><attalias Sync="TRUE">SOURCE_DAT</attalias><attrtype Sync="TRUE">String</attrtype><attwidth Sync="TRUE">40</attwidth><attrdefs>USGS National Boundaries Dataset</attrdefs><attrdef>Internal identifier for the source dataset</attrdef><atprecis Sync="TRUE">0</atprecis><attscale Sync="TRUE">0</attscale></attr><attr><attrlabl Sync="TRUE">SOURCE_D_1</attrlabl><attalias Sync="TRUE">SOURCE_D_1</attalias><attrtype Sync="TRUE">String</attrtype><attwidth Sync="TRUE">100</attwidth><atprecis Sync="TRUE">0</atprecis><attscale Sync="TRUE">0</attscale></attr><attr><attrlabl Sync="TRUE">SOURCE_ORI</attrlabl><attalias Sync="TRUE">SOURCE_ORI</attalias><attrtype Sync="TRUE">String</attrtype><attwidth Sync="TRUE">130</attwidth><attrdefs>USGS National Boundaries Dataset</attrdefs><attrdef>Name of the organization or individual that developed the source dataset</attrdef><atprecis Sync="TRUE">0</atprecis><attscale Sync="TRUE">0</attscale></attr><attr><attrlabl Sync="TRUE">DATA_SECUR</attrlabl><attalias Sync="TRUE">DATA_SECUR</attalias><attrtype Sync="TRUE">SmallInteger</attrtype><attwidth Sync="TRUE">4</attwidth><attrdefs>USGS National Boundaries Dataset</attrdefs><attrdef>An internal code describing appropriate level of security for dataset</attrdef><atprecis Sync="TRUE">4</atprecis><attscale Sync="TRUE">0</attscale></attr><attr><attrlabl Sync="TRUE">DISTRIBUTI</attrlabl><attalias Sync="TRUE">DISTRIBUTI</attalias><attrtype Sync="TRUE">String</attrtype><attwidth Sync="TRUE">4</attwidth><attrdefs>USGS National Boundaries Dataset</attrdefs><attrdef>A value depicting access and use constraints</attrdef><atprecis Sync="TRUE">0</atprecis><attscale Sync="TRUE">0</attscale></attr><attr><attrlabl Sync="TRUE">LOADDATE</attrlabl><attalias Sync="TRUE">LOADDATE</attalias><attrtype Sync="TRUE">Date</attrtype><attwidth Sync="TRUE">8</attwidth><attrdefs>USGS National Boundaries Dataset</attrdefs><attrdef>Date and time feature was loaded to USGS geodatabase</attrdef><atprecis Sync="TRUE">0</atprecis><attscale Sync="TRUE">0</attscale></attr><attr><attrlabl Sync="TRUE">FCODE</attrlabl><attalias Sync="TRUE">FCODE</attalias><attrtype Sync="TRUE">Integer</attrtype><attwidth Sync="TRUE">9</attwidth><attrdefs>USGS National Boundaries Dataset</attrdefs><attrdef>A domain value representing the feature subtype within the USGS geodatabase</attrdef><atprecis Sync="TRUE">9</atprecis><attscale Sync="TRUE">0</attscale></attr><attr><attrlabl Sync="TRUE">COUNTRY_FI</attrlabl><attalias Sync="TRUE">COUNTRY_FI</attalias><attrtype Sync="TRUE">String</attrtype><attwidth Sync="TRUE">3</attwidth><attrdefs>USGS National Boundaries Dataset</attrdefs><attrdef>A 2-digit Federal Information Processing Series (FIPS) numeric code that uniquely identifies the country. </attrdef><atprecis Sync="TRUE">0</atprecis><attscale Sync="TRUE">0</attscale></attr><attr><attrlabl Sync="TRUE">COUNTRY_NA</attrlabl><attalias Sync="TRUE">COUNTRY_NA</attalias><attrtype Sync="TRUE">String</attrtype><attwidth Sync="TRUE">120</attwidth><attrdefs>USGS National Boundaries Dataset</attrdefs><attrdef>Name of country</attrdef><atprecis Sync="TRUE">0</atprecis><attscale Sync="TRUE">0</attscale></attr><attr><attrlabl Sync="TRUE">POPULATION</attrlabl><attalias Sync="TRUE">POPULATION</attalias><attrtype Sync="TRUE">Integer</attrtype><attwidth Sync="TRUE">9</attwidth><atprecis Sync="TRUE">9</atprecis><attscale Sync="TRUE">0</attscale></attr><attr><attrlabl Sync="TRUE">AREASQKM</attrlabl><attalias Sync="TRUE">AREASQKM</attalias><attrtype Sync="TRUE">Double</attrtype><attwidth Sync="TRUE">19</attwidth><atprecis Sync="TRUE">18</atprecis><attscale Sync="TRUE">11</attscale></attr><attr><attrlabl Sync="TRUE">GAZ_ID</attrlabl><attalias Sync="TRUE">GAZ_ID</attalias><attrtype Sync="TRUE">Integer</attrtype><attwidth Sync="TRUE">9</attwidth><atprecis Sync="TRUE">9</atprecis><attscale Sync="TRUE">0</attscale></attr><attr><attrlabl Sync="TRUE">SHAPE_LENG</attrlabl><attalias Sync="TRUE">SHAPE_LENG</attalias><attrtype Sync="TRUE">Double</attrtype><attwidth Sync="TRUE">19</attwidth><attrdefs>USGS National Boundaries Dataset</attrdefs><attrdef>Length of the feature which may differ from the field measured length due to differences in calculation. Units are map units.</attrdef><atprecis Sync="TRUE">18</atprecis><attscale Sync="TRUE">11</attscale></attr></detailed></eainfo><dataqual><lineage><srcinfo><srccite><citeinfo><pubdate>Unpublished Material</pubdate><title>IBWC Monuments 2009</title><origin>International Boundary and Water Commission, United States and Mexico</origin><geoform>digital data</geoform><onlink>http://www.ibwc.gov</onlink><othercit>Point of contact for the monument points is Mr. Gilbert Anaya, IBWC.</othercit></citeinfo></srccite><srctime><timeinfo><sngdate><caldate>2009</caldate></sngdate></timeinfo><srccurr>ground condition</srccurr></srctime><srccitea>Monuments</srccitea><srccontr>Surveyed monument points were joined to create the international boundary from the west coast of North America to the Rio Grande River portion of the boundary, excluding the Colorado River area of the international boundary.

Monument positions were provided by the IBWC, http://www.ibwc.gov.</srccontr></srcinfo><srcinfo><srccite><citeinfo><title>1972_International_Boundary_Line_Colorado_River</title><origin>International Boundary and Water Commission, United States and Mexico</origin><pubdate>11/19/2009</pubdate><onlink>http://www.ibwc.gov</onlink><geoform>vector digital data</geoform><othercit>Point of contact for the Colorado Boundary is Mr. Gilbert Anaya, IBWC.</othercit></citeinfo></srccite><srctime><timeinfo><sngdate><caldate>2008</caldate></sngdate></timeinfo><srccurr>ground condition</srccurr></srctime><srccontr>Provides that portion of the international boundary line which coincides with the Colorado River. This international boundary for the Colorado dataset was developed by the International Boundary and Water Commission-United States and Mexico (IBWC)(http://www.ibwc.state.gov), to be used as a common boundary for the clipping and geometric integration of binational geospatial datasets and represents the international boundary as agreed upon by the Governments of the United States and Mexico in accordance with the 1970 Boundary Treaty. It provides an electronic, spatially referenced representation of the boundary that can be used by resource agencies for the purposes of displaying the international reach of the Colorado River and to integrate binational datasets tied into the boundary line.</srccontr><srccitea>Colorado River boundary</srccitea><typesrc>online</typesrc></srcinfo><srcinfo><srccite><citeinfo><origin>U.S. Geological Survey</origin><pubdate>Unknown</pubdate><title>Rio Grande International Boundary Feature Class</title><onlink>http://borderhealth.cr.usgs.gov</onlink><geoform>vector digital data</geoform></citeinfo></srccite><srctime><timeinfo><sngdate><caldate>2004</caldate></sngdate></timeinfo><srccurr>ground condition</srccurr></srctime><srccitea>Rio Grande boundary line</srccitea><srccontr>Provides that portion of the international boundary which coincides with the Rio Grande river. The center of the Rio Grande/Rio Bravo River was digitized using digital orthophoto quadrangles (DOQ) created from aerial imagery acquired in 2004 and 2005.  The DOQs are 1-meter pixel resolution, natural color, with 5-meter horizontal accuracy.  The IBWC 1989 boundary maps of the Rio Grande were also used as reference during processing.  The 1989 boundary maps of the Rio Grande can be found at the Perry Castaneda Library Map Collection, website link: http://www.lib.utexas.edu/maps/us_mexico_border/index.html .</srccontr><typesrc>online</typesrc></srcinfo><procstep><procdesc>Combined border:  All source shapefiles were converted to Geographic coordinate system, NAD83.  

Monument points in shapefile format were separated into two shapefiles using ArcToolBox Select tool, one shapefile for points west of the Colorado River, and the other for points east of the Colorado River. The individual points were connected within each shapefile and converted into line geodatabase feature classes using Safe Software FME Point Connector transformer.  

All portions of the boundary line were combined using FME Aggregator transformer.  The combined line was then processed through the FME Snapper transformer, using a snapping tolerance of 0.02 decimal degrees.  This connected the geometry of the line portions and closed the gaps between them.  

The boundary line on the west coast ends approximately 150 meters east of the coastline at the westernmost monument point.  The line was extended to the approximate coastline and into the Pacific Ocean using ArcGIS.

The completed boundary feature class was converted to ESRI shapefile format using FME.  Attribute fields derived from the USGS National Boundaries Dataset were retained.</procdesc><proccont><cntinfo><cntperp><cntper>Laurie Temple</cntper><cntorg>U.S. Geological Survey, National Geospatial Technical Operations Center</cntorg></cntperp><cntpos>Cartographer</cntpos><cntaddr><addrtype>mailing address</addrtype><address>PO Box 25046, MS 510, DFC</address><city>Denver</city><state>Colorado</state><postal>80225</postal><country>USA</country></cntaddr><cntvoice>303-202-4485</cntvoice><cntfax>303-202-4504</cntfax><cntemail>ldtemple@usgs.gov</cntemail></cntinfo></proccont><procsv>Safe Software Feature Manipulation Engine (FME), version 2010</procsv><procdate>February, 2011</procdate></procstep><procstep><procdesc Sync="TRUE">Metadata imported.</procdesc><procdate Sync="TRUE">20100823</procdate><proctime Sync="TRUE">17135900</proctime></procstep><procstep><procdesc Sync="TRUE">Metadata imported.</procdesc><procdate Sync="TRUE">20110210</procdate><proctime Sync="TRUE">12094100</proctime></procstep><srcinfo><srccite><citeinfo><origin>International Boundary and Water Commission, United States and Mexico</origin><pubdate>December 12, 1970</pubdate><pubtime>Unknown</pubtime><title>International Maritime Boundary in the Pacific Ocean</title><geoform>map</geoform><othercit>Signed by the Commissioner of the United States and Commissioner of Mexico. Provided by the IBWC.</othercit></citeinfo></srccite><typesrc>paper</typesrc><srctime><timeinfo><sngdate><caldate>1970</caldate></sngdate></timeinfo><srccurr>publication date</srccurr></srctime><srccitea>Maritime Boundary map</srccitea><srccontr>Provided coordinate values for extension of boundary line into the Pacific Ocean.</srccontr></srcinfo></lineage><posacc><horizpa><horizpar>Errors, as much as 5 meters, might have resulted from error present in digital orthophotos used to digitize the international boundary along the Rio Grande/Rio Bravo River. Errors of unknown magnitude might have been introduced in areas where the determination of the location of the channel of the Rio Grande/Rio Bravo was difficult, for example, in dense salt cedar stands.

Errors, as much as 5 meters, might have resulted from error present in digital orthophotos used to digitize the international boundary along the Colorado River.</horizpar></horizpa></posacc><complete>This representation of the international boundary between US and Mexico is a vector digital line compiled from three separate boundary sources.  These sources include a shapefile boundary line for the Colorado River, a shapefile boundary line for the Rio Grande/Rio Bravo River and a shapefile of monument points for remaining areas of the border.  The compiled line extends from the mouth of the Rio Grande River to the approximate coastline on the west edge of the US/Mexico border and into the Pacific Ocean.  Monument points used to create the western portion of the boundary end just east of the actual coastline, therefore, the line was extended in ESRI ArcGIS software to the approximate edge of the coastline from the westernmost monument point and into the Pacific Ocean based on the IBWC published International Maritime Boundary map of December 12, 1970.</complete><logic>The line feature class was visually examined for disconnected portions.  The individual line shapefiles were snapped together using GIS software and visually examined to ensure there were no gaps.  The line shapefile was compared to orthoimagery as a visual check for consistency.</logic></dataqual></metadata>
